{"cameraMode":{"drawMode":0,"name":"Shaded","section":"Shading Mode"},"sceneLighting":true,"audioPlay":false,"sceneViewState":{"showFog":true,"showMaterialUpdate":false,"showSkybox":true,"showFlares":true,"showImageEffects":true,"showParticleSystems":true},"in2DMode":false,"pivot":{"x":1.628000259399414,"y":0.8602889776229858,"z":-0.16260436177253724},"rotation":{"x":-0.06772248446941376,"y":0.03201793134212494,"z":-0.002175093162804842,"w":-0.9971923828125},"size":3.9740872383117677,"orthographic":false}