{"cameraMode":{"drawMode":0,"name":"Shaded","section":"Shading Mode"},"sceneLighting":true,"audioPlay":false,"sceneViewState":{"showFog":true,"showMaterialUpdate":false,"showSkybox":true,"showFlares":true,"showImageEffects":true,"showParticleSystems":true},"in2DMode":false,"pivot":{"x":-1.0309070348739625,"y":1.9790116548538209,"z":-0.3690338134765625},"rotation":{"x":-0.016808565706014634,"y":0.0050959279760718349,"z":-0.00008569062629248947,"w":-0.9998455047607422},"size":2.3772268295288088,"orthographic":false}